Workbook

Sheet Feuil1
A1: N° Affaire: | B1: 230ETELEC | C1: 230ETMECA | D1: 230ETMECNC | E1: 230ETNQ | F1: 230ETREGU | G1: 240RD | H1: 240RDNC | I1: Total
A2: V19355 | B2: {=_xlfn._xlws.FILTER(Projets!B2:I824, (Projets!A2:A824=A2), "")} | C2: 1546.95 | D2: 0 | E2: 2 | F2: 0 | G2: 541.95 | H2: 0 | I2: 2555
A3: =Machines!D1 | B3: {=Machines!B1:C1} | C3: PROJET | D3: {=Machines!E1:AA1} | E3: CLIENT FINAL | F3: DESCRIPTION | G3: REFERENCE | H3: NB MACHINES | I3: MW | J3: KV | K3: CPHI | L3: HZ | M3: TR/MIN | N3: DAL | O3: LFER | P3: NB POLES | Q3: NB ENCOCHES | R3: IC | S3: IM | T3: IP | U3: EEX | V3: Type produit | W3: Produit | X3: Type affaire | Y3: DAS | Z3: Secteur
A4: {=_xlfn._xlws.FILTER(Machines!D2:D1000, (Machines!A2:A1000=Feuil1!A2), "")} | B4: {=_xlfn._xlws.FILTER(Machines!B2:C1000, (Machines!A2:A1000=Feuil1!A2), "")} | C4: VERSALIS-DK | D4: {=_xlfn._xlws.FILTER(Machines!E2:AA1000, (Machines!A2:A1000=Feuil1!A2), "")} | E4: VERSALIS | F4: JEMAC710RS6 | G4: 0 | H4: 1 | I4: 2.5 | J4: 2 | K4: 0.87 | L4: 37.5 | M4: 750 | N4: 93 | O4: 84 | P4: 6 | Q4: 108 | R4: IC8A6W7 | S4: 1001 | T4: 55 | U4: P | V4: ASYNCH | W4: ASYNCH_CAGE | X4: 0 | Y4: MS | Z4: OIL_GAS
A13: Étiquettes de lignes | B13: Nombre de PROJET | E13: Somme de Total Quantity | F13: Étiquettes de colonnes
A14: MIL | B14: 3 | E14: Étiquettes de lignes | F14: 230ETELEC | G14: 230ETMECA | H14: 230ETMECNC | I14: 230ETNQ | J14: 230ETREGU | K14: 240RD | L14: 240RDNC | M14: Total général
A15: ASYNCH | B15: 1 | E15: A15026 | F15: 45.8 | G15: 365.95 | K15: 524.25 | M15: 936
B16: 1 | E16: A15045 | F16: 215.05 | G16: 1377 | I16: 17.25 | K16: 7.7 | M16: 1617
A17: SYNCH | B17: 2 | E17: A15055 | F17: 12 | G17: 245.2 | M17: 257.2
B18: 1 | E18: A15168 | F18: 334.8 | G18: 452.35 | I18: 4 | J18: 31.8 | M18: 822.95
A19: ALT_4P_S | B19: 1 | E19: A15173 | F19: 4.5 | G19: 224.95 | K19: 2 | M19: 231.45
A20: MS | B20: 306 | E20: A15243 | F20: 33.1 | G20: 420.25 | J20: 51.1 | K20: 230.7 | M20: 735.15
A21: ASYNCH | B21: 167 | E21: A15249 | G21: 63.9 | J21: 4 | K21: 227.6 | M21: 295.5
B22: 6 | E22: A15284 | F22: 28.1 | G22: 431.1 | I22: 2 | J22: 1.5 | M22: 462.7
A23: ASYNCH_BAGUES | B23: 7 | E23: A15305 | F23: 12.5 | G23: 66.1 | J23: 0.7 | M23: 79.3
A24: ASYNCH_CAGE | B24: 154 | E24: A15333 | G24: 656.9 | J24: 40 | M24: 696.9
A25: SYNCH | B25: 139 | E25: A15369 | F25: 228.1 | G25: 167.25 | I25: 4 | J25: 19.4 | K25: 213 | M25: 631.75
B26: 35 | E26: A15371 | F26: 20.9 | G26: 3 | J26: 5 | K26: 19.1 | M26: 48
A27: ALT_2P | B27: 7 | E27: A15377 | G27: 190.75 | I27: 3.7 | M27: 194.45
A28: ALT_4P_L | B28: 9 | E28: A15427 | F28: 31.8 | G28: 127.1 | J28: 50.2 | K28: 387.4 | M28: 596.5
A29: ALT_4P_S | B29: 88 | E29: A15469 | G29: 92.6 | M29: 92.6
A30: NUC | B30: 50 | E30: A15470 | G30: 100.9 | M30: 100.9
A31: ASYNCH | B31: 42 | E31: A15477 | F31: 82.8 | G31: 754.25 | K31: 23.8 | M31: 860.85
B32: 1 | E32: A15486 | F32: 60.5 | G32: 7.7 | J32: 15.3 | K32: 79.1 | M32: 162.6
A33: ASYNCH_CAGE | B33: 41 | E33: A15556 | F33: 90.35 | G33: 6 | J33: 7.7 | K33: 64.8 | M33: 168.85
A34: SYNCH | B34: 8 | E34: A15607 | F34: 44 | G34: 620.85 | I34: 29.9 | K34: 45 | M34: 739.75
B35: 4 | E35: A15735 | F35: 40.15 | G35: 1418.3 | I35: 5 | J35: 98.6 | K35: 49.05 | M35: 1611.1
A36: ALT_4P_S | B36: 4 | E36: A15755 | G36: 6 | I36: 3 | K36: 2.7 | M36: 11.7
A37: Total général | B37: 359 | E37: A15766 | G37: 89.05 | K37: 6 | M37: 95.05
E38: A15767 | G38: 38.25 | K38: 6 | M38: 44.25
E39: A15768 | F39: 54.9 | G39: 114.6 | J39: 39.8 | K39: 360.4 | M39: 569.7
E40: A15780 | F40: 27.3 | G40: 153.45 | J40: 3.7 | K40: 54.2 | M40: 238.65
E41: A15857 | F41: 162.5 | G41: 625.75 | I41: 13.55 | J41: 16.7 | M41: 818.5
E42: A15858 | G42: 35.5 | K42: 6 | M42: 41.5
E43: A15922 | F43: 55.3 | G43: 300.8 | I43: 6 | K43: 26.95 | M43: 389.05
E44: A15987 | F44: 88.7 | G44: 143.4 | I44: 2 | J44: 29.5 | K44: 97.25 | M44: 360.85
E45: A16005 | F45: 36.3 | G45: 18.5 | J45: 10 | K45: 26.05 | M45: 90.85
E46: A16013 | F46: 13.6 | G46: 14 | J46: 14.4 | K46: 15.1 | M46: 57.1
E47: A16025 | F47: 121.6 | G47: 233 | I47: 3 | M47: 357.6
E48: A16050 | F48: 152.7 | G48: 648.8 | J48: 86 | K48: 236 | M48: 1123.5
E49: A16054 | F49: 16.4 | G49: 471.3 | I49: 22.4 | J49: 33.1 | K49: 20.25 | M49: 563.45
E50: A16074 | F50: 3 | G50: 425.3 | J50: 32.2 | M50: 460.5
E51: A16083 | F51: 80.7 | G51: 859.4 | I51: 3 | K51: 87.25 | M51: 1030.35
E52: A16136 | F52: 79.9 | G52: 478.6 | I52: 10.4 | J52: 22.1 | K52: 48.9 | M52: 639.9
E53: A16167 | G53: 486.85 | M53: 486.85
E54: A16221 | F54: 232.8 | G54: 3480.79 | K54: 204.5 | M54: 3918.09
E55: A16325 | F55: 67.3 | G55: 822.8 | K55: 18.55 | M55: 908.65
E56: A16341 | F56: 11.7 | J56: 16 | K56: 153.3 | M56: 181
E57: A16380 | F57: 23.8 | J57: 7 | K57: 254.1 | M57: 284.9
E58: A16406 | F58: 38.8 | G58: 274.7 | I58: 51 | J58: 10.55 | M58: 375.05
E59: A16442 | F59: 11 | G59: 55.2 | M59: 66.2
E60: A16484 | G60: 82.7 | K60: 3 | M60: 85.7
E61: A16537 | G61: 61.95 | K61: 5.85 | M61: 67.8
E62: A16561 | F62: 64.1 | G62: 599.55 | J62: 2 | K62: 2 | M62: 667.65
E63: A16586 | F63: 148.65 | G63: 1575.95 | K63: 12.55 | M63: 1737.15
E64: A16605 | G64: 99.65 | K64: 6 | M64: 105.65
E65: A16618 | F65: 109.3 | G65: 1549.9 | I65: 8 | J65: 38.2 | K65: 119.55 | M65: 1824.95
E66: A16639 | F66: 4.35 | G66: 267.4 | J66: 48.7 | K66: 7.7 | M66: 328.15
E67: A16687 | G67: 6 | M67: 6
E68: A16719 | F68: 23.45 | G68: 458.1 | M68: 481.55
E69: A16730 | F69: 50.6 | G69: 17.05 | J69: 14.1 | K69: 215.65 | M69: 297.4
E70: A16801 | F70: 33 | G70: 846.9 | I70: 155.41 | J70: 6 | K70: 190.9 | M70: 1232.21
E71: A16857 | F71: 17.4 | G71: 236.85 | J71: 10.55 | K71: 3.35 | M71: 268.15
E72: A16864 | F72: 80.7 | G72: 510.1 | J72: 2.7 | K72: 241.35 | M72: 834.85
E73: A16883 | F73: 2 | G73: 312.2 | I73: 14 | K73: 36.65 | M73: 364.85
E74: A16913 | F74: 25.5 | G74: 80.9 | M74: 106.4
E75: A16959 | F75: 22.85 | G75: 31.1 | K75: 7.85 | M75: 61.8
E76: A16982 | F76: 15.1 | G76: 902.6 | J76: 226.35 | K76: 13.55 | M76: 1157.6
E77: A17058 | G77: 45 | K77: 3 | M77: 48
E78: A17065 | F78: 28.8 | G78: 233.05 | K78: 4.85 | M78: 266.7
E79: A17090 | F79: 18.3 | G79: 2 | J79: 2 | M79: 22.3
E80: A17254 | F80: 87.3 | G80: 915.85 | J80: 1.7 | M80: 1004.85
E81: A17275 | F81: 2 | M81: 2
E82: A17434 | F82: 3.55 | J82: 3.4 | M82: 6.95
E83: A17496 | F83: 11.5 | K83: 34.8 | M83: 46.3
E84: A17559 | F84: 13.1 | M84: 13.1
E85: A17575 | F85: 12.1 | K85: 15.55 | M85: 27.65
E86: A17627 | F86: 209.15 | G86: 937.25 | J86: 19.6 | K86: 2 | M86: 1168
E87: A17656 | F87: 38.6 | K87: 3.85 | M87: 42.45
E88: A17689 | F88: 10.65 | M88: 10.65
E89: A17698 | F89: 32.95 | G89: 778.75 | K89: 34.7 | M89: 846.4
E90: A17706 | F90: 18.65 | M90: 18.65
E91: A17708 | K91: 8.4 | M91: 8.4
E92: A17797 | F92: 62.65 | G92: 1627.65 | J92: 68.3 | K92: 50.8 | M92: 1809.4
E93: A17872 | F93: 124.75 | G93: 231.8 | M93: 356.55
E94: A17901 | F94: 29.4 | G94: 1016.2 | K94: 39.95 | M94: 1085.55
E95: A17935 | F95: 110.95 | G95: 2 | K95: 356.4 | M95: 469.35
E96: A17947 | F96: 64.35 | G96: 2217.5 | J96: 72.6 | K96: 7.85 | M96: 2362.3
E97: A17999 | F97: 132.2 | G97: 903.2 | I97: 16.1 | K97: 53 | M97: 1104.5
E98: A18000 | F98: 14.65 | K98: 6.2 | M98: 20.85
E99: A18055 | F99: 14.2 | M99: 14.2
E100: A18082 | F100: 7.55 | M100: 7.55
E101: A18101 | F101: 2 | G101: 13 | M101: 15
E102: A18111 | F102: 6.55 | G102: 219.1 | M102: 225.65
E103: A18143 | F103: 24.85 | M103: 24.85
E104: A18152 | F104: 42.6 | G104: 1789.6 | I104: 9.2 | K104: 30.65 | M104: 1872.05
E105: A18154 | F105: 59.35 | G105: 18.1 | K105: 882.75 | M105: 960.2
E106: A18180 | F106: 20.25 | M106: 20.25
E107: A18197 | F107: 35.85 | G107: 777.65 | I107: 3 | K107: 7.5 | M107: 824
E108: A18250 | F108: 45.5 | G108: 664.6 | K108: 3.5 | M108: 713.6
...

Sheet Projets
A1: Projet | B1: 230ETELEC | C1: 230ETMECA | D1: 230ETMECNC | E1: 230ETNQ | F1: 230ETREGU | G1: 240RD | H1: 240RDNC | I1: Total général
A2: A15026 | B2: 45.8 | C2: 365.95 | G2: 524.25 | I2: 936
A3: A15045 | B3: 215.05 | C3: 1377 | E3: 17.25 | G3: 7.7 | I3: 1617
A4: A15055 | B4: 12 | C4: 245.2 | I4: 257.2
A5: A15168 | B5: 334.8 | C5: 452.35 | E5: 4 | F5: 31.8 | I5: 822.95
A6: A15173 | B6: 4.5 | C6: 224.95 | G6: 2 | I6: 231.45
A7: A15243 | B7: 33.1 | C7: 420.25 | F7: 51.1 | G7: 230.7 | I7: 735.15
A8: A15249 | C8: 63.9 | F8: 4 | G8: 227.6 | I8: 295.5
A9: A15284 | B9: 28.1 | C9: 431.1 | E9: 2 | F9: 1.5 | I9: 462.7
A10: A15305 | B10: 12.5 | C10: 66.1 | F10: 0.7 | I10: 79.3
A11: A15333 | C11: 656.9 | F11: 40 | I11: 696.9
A12: A15369 | B12: 228.1 | C12: 167.25 | E12: 4 | F12: 19.4 | G12: 213 | I12: 631.75
A13: A15371 | B13: 20.9 | C13: 3 | F13: 5 | G13: 19.1 | I13: 48
A14: A15377 | C14: 190.75 | E14: 3.7 | I14: 194.45
A15: A15427 | B15: 31.8 | C15: 127.1 | F15: 50.2 | G15: 387.4 | I15: 596.5
A16: A15469 | C16: 92.6 | I16: 92.6
A17: A15470 | C17: 100.9 | I17: 100.9
A18: A15477 | B18: 82.8 | C18: 754.25 | G18: 23.8 | I18: 860.85
A19: A15486 | B19: 60.5 | C19: 7.7 | F19: 15.3 | G19: 79.1 | I19: 162.6
A20: A15556 | B20: 90.35 | C20: 6 | F20: 7.7 | G20: 64.8 | I20: 168.85
A21: A15607 | B21: 44 | C21: 620.85 | E21: 29.9 | G21: 45 | I21: 739.75
A22: A15735 | B22: 40.15 | C22: 1418.3 | E22: 5 | F22: 98.6 | G22: 49.05 | I22: 1611.1
A23: A15755 | C23: 6 | E23: 3 | G23: 2.7 | I23: 11.7
A24: A15766 | C24: 89.05 | G24: 6 | I24: 95.05
A25: A15767 | C25: 38.25 | G25: 6 | I25: 44.25
A26: A15768 | B26: 54.9 | C26: 114.6 | F26: 39.8 | G26: 360.4 | I26: 569.7
A27: A15780 | B27: 27.3 | C27: 153.45 | F27: 3.7 | G27: 54.2 | I27: 238.65
A28: A15857 | B28: 162.5 | C28: 625.75 | E28: 13.55 | F28: 16.7 | I28: 818.5
A29: A15858 | C29: 35.5 | G29: 6 | I29: 41.5
A30: A15922 | B30: 55.3 | C30: 300.8 | E30: 6 | G30: 26.95 | I30: 389.05
A31: A15987 | B31: 88.7 | C31: 143.4 | E31: 2 | F31: 29.5 | G31: 97.25 | I31: 360.85
A32: A16005 | B32: 36.3 | C32: 18.5 | F32: 10 | G32: 26.05 | I32: 90.85
A33: A16013 | B33: 13.6 | C33: 14 | F33: 14.4 | G33: 15.1 | I33: 57.1
A34: A16025 | B34: 121.6 | C34: 233 | E34: 3 | I34: 357.6
A35: A16050 | B35: 152.7 | C35: 648.8 | F35: 86 | G35: 236 | I35: 1123.5
A36: A16054 | B36: 16.4 | C36: 471.3 | E36: 22.4 | F36: 33.1 | G36: 20.25 | I36: 563.45
A37: A16074 | B37: 3 | C37: 425.3 | F37: 32.2 | I37: 460.5
A38: A16083 | B38: 80.7 | C38: 859.4 | E38: 3 | G38: 87.25 | I38: 1030.35
A39: A16136 | B39: 79.9 | C39: 478.6 | E39: 10.4 | F39: 22.1 | G39: 48.9 | I39: 639.9
A40: A16167 | C40: 486.85 | I40: 486.85
A41: A16221 | B41: 232.8 | C41: 3480.79 | G41: 204.5 | I41: 3918.09
A42: A16325 | B42: 67.3 | C42: 822.8 | G42: 18.55 | I42: 908.65
A43: A16341 | B43: 11.7 | F43: 16 | G43: 153.3 | I43: 181
A44: A16380 | B44: 23.8 | F44: 7 | G44: 254.1 | I44: 284.9
A45: A16406 | B45: 38.8 | C45: 274.7 | E45: 51 | F45: 10.55 | I45: 375.05
A46: A16442 | B46: 11 | C46: 55.2 | I46: 66.2
A47: A16484 | C47: 82.7 | G47: 3 | I47: 85.7
A48: A16537 | C48: 61.95 | G48: 5.85 | I48: 67.8
A49: A16561 | B49: 64.1 | C49: 599.55 | F49: 2 | G49: 2 | I49: 667.65
A50: A16586 | B50: 148.65 | C50: 1575.95 | G50: 12.55 | I50: 1737.15
A51: A16605 | C51: 99.65 | G51: 6 | I51: 105.65
A52: A16618 | B52: 109.3 | C52: 1549.9 | E52: 8 | F52: 38.2 | G52: 119.55 | I52: 1824.95
A53: A16639 | B53: 4.35 | C53: 267.4 | F53: 48.7 | G53: 7.7 | I53: 328.15
A54: A16687 | C54: 6 | I54: 6
A55: A16719 | B55: 23.45 | C55: 458.1 | I55: 481.55
A56: A16730 | B56: 50.6 | C56: 17.05 | F56: 14.1 | G56: 215.65 | I56: 297.4
A57: A16801 | B57: 33 | C57: 846.9 | E57: 155.41 | F57: 6 | G57: 190.9 | I57: 1232.21
A58: A16857 | B58: 17.4 | C58: 236.85 | F58: 10.55 | G58: 3.35 | I58: 268.15
A59: A16864 | B59: 80.7 | C59: 510.1 | F59: 2.7 | G59: 241.35 | I59: 834.85
A60: A16883 | B60: 2 | C60: 312.2 | E60: 14 | G60: 36.65 | I60: 364.85
A61: A16913 | B61: 25.5 | C61: 80.9 | I61: 106.4
A62: A16959 | B62: 22.85 | C62: 31.1 | G62: 7.85 | I62: 61.8
A63: A16982 | B63: 15.1 | C63: 902.6 | F63: 226.35 | G63: 13.55 | I63: 1157.6
A64: A17058 | C64: 45 | G64: 3 | I64: 48
A65: A17065 | B65: 28.8 | C65: 233.05 | G65: 4.85 | I65: 266.7
A66: A17090 | B66: 18.3 | C66: 2 | F66: 2 | I66: 22.3
A67: A17254 | B67: 87.3 | C67: 915.85 | F67: 1.7 | I67: 1004.85
A68: A17275 | B68: 2 | I68: 2
A69: A17434 | B69: 3.55 | F69: 3.4 | I69: 6.95
A70: A17496 | B70: 11.5 | G70: 34.8 | I70: 46.3
A71: A17559 | B71: 13.1 | I71: 13.1
A72: A17575 | B72: 12.1 | G72: 15.55 | I72: 27.65
A73: A17627 | B73: 209.15 | C73: 937.25 | F73: 19.6 | G73: 2 | I73: 1168
A74: A17656 | B74: 38.6 | G74: 3.85 | I74: 42.45
A75: A17689 | B75: 10.65 | I75: 10.65
A76: A17698 | B76: 32.95 | C76: 778.75 | G76: 34.7 | I76: 846.4
A77: A17706 | B77: 18.65 | I77: 18.65
A78: A17708 | G78: 8.4 | I78: 8.4
A79: A17797 | B79: 62.65 | C79: 1627.65 | F79: 68.3 | G79: 50.8 | I79: 1809.4
A80: A17872 | B80: 124.75 | C80: 231.8 | I80: 356.55
A81: A17901 | B81: 29.4 | C81: 1016.2 | G81: 39.95 | I81: 1085.55
A82: A17935 | B82: 110.95 | C82: 2 | G82: 356.4 | I82: 469.35
A83: A17947 | B83: 64.35 | C83: 2217.5 | F83: 72.6 | G83: 7.85 | I83: 2362.3
A84: A17999 | B84: 132.2 | C84: 903.2 | E84: 16.1 | G84: 53 | I84: 1104.5
A85: A18000 | B85: 14.65 | G85: 6.2 | I85: 20.85
A86: A18055 | B86: 14.2 | I86: 14.2
A87: A18082 | B87: 7.55 | I87: 7.55
A88: A18101 | B88: 2 | C88: 13 | I88: 15
A89: A18111 | B89: 6.55 | C89: 219.1 | I89: 225.65
A90: A18143 | B90: 24.85 | I90: 24.85
A91: A18152 | B91: 42.6 | C91: 1789.6 | E91: 9.2 | G91: 30.65 | I91: 1872.05
A92: A18154 | B92: 59.35 | C92: 18.1 | G92: 882.75 | I92: 960.2
A93: A18180 | B93: 20.25 | I93: 20.25
A94: A18197 | B94: 35.85 | C94: 777.65 | E94: 3 | G94: 7.5 | I94: 824
A95: A18250 | B95: 45.5 | C95: 664.6 | G95: 3.5 | I95: 713.6
A96: A18303 | B96: 80.15 | C96: 426.8 | E96: 4 | G96: 31.65 | I96: 542.6
A97: A18375 | B97: 50.7 | C97: 601.5 | F97: 1 | I97: 653.2
A98: A18386 | B98: 22.9 | C98: 61.9 | I98: 84.8
A99: A18415 | C99: 3.5 | E99: 63.1 | G99: 71.05 | I99: 137.65
A100: A18426 | B100: 7.1 | C100: 92.3 | G100: 23.5 | I100: 122.9
...

Sheet Machines
A1: N° Projet | B1: DATE | C1: PROJET | D1: NUMERO | E1: CLIENT | F1: CLIENT FINAL | G1: DESCRIPTION | H1: REFERENCE | I1: NB MACHINES | J1: MW | K1: KV | L1: CPHI | M1: HZ | N1: TR/MIN | O1: DAL | P1: LFER | Q1: NB POLES | R1: NB ENCOCHES | S1: IC | T1: IM | U1: IP | V1: EEX | W1: Type produit | X1: Produit | Y1: Type affaire | Z1: DAS | AA1: Secteur | AB1: Heures projet
A2: A15045 | B2: 40164 | C2: MILLSTONE | D2: M10 | E2: AREVA NP | F2: DOMINION NUCLEAR | I2: 1 | J2: 1 | K2: 4 | L2: 1 | M2: 60 | N2: 300 | O2: 137 | P2: 63 | Q2: 24 | R2: 234 | S2: 0 | T2: 1000 | U2: 23 | V2: - | W2: ASYNCH | Z2: MS | AB2: {=_xlfn._xlws.FILTER(Projets!I$2:I$823,(Projets!A$2:A$823=A2), "")}
A3: A15055 | B3: 40049 | C3: RRA HONG YAN HE 3 | D3: M10 | E3: SBW | F3: CNPE | G3: TNC 630 Ax 4 | H3: EI1491 | I3: 2 | J3: 1 | K3: 6 | L3: 0.9 | M3: 50 | N3: 1500 | O3: 52 | P3: 35 | Q3: 4 | R3: 72 | S3: 0 | T3: 1001 | U3: 54 | V3: - | W3: ASYNCH | X3: ASYNCH_CAGE | Z3: MS | AB3: {=_xlfn._xlws.FILTER(Projets!I$2:I$823,(Projets!A$2:A$823=A3), "")}
A4: A15173 | B4: 40217 | C4: RRA HONG YAN HE 4 | D4: M10 | E4: SBW | F4: CNPE | G4: TNC 630 Ax 4 | H4: A15055 | I4: 2 | J4: 1 | K4: 6 | L4: 0.9 | M4: 50 | N4: 1500 | O4: 52 | P4: 35 | Q4: 4 | R4: 72 | S4: 0 | T4: 1001 | U4: 54 | V4: - | W4: ASYNCH | X4: ASYNCH_CAGE | Z4: MS | AB4: {=_xlfn._xlws.FILTER(Projets!I$2:I$823,(Projets!A$2:A$823=A4), "")}
A5: A15243 | B5: 40297 | C5: SULZER PUMPS IRAN | D5: M10 | E5: SULZER PUMPS UK | F5: ASSALUYE BANDAR ABBAS | G5: JEMAC710TM2_11_50 | I5: 4 | J5: 3.9 | K5: 11 | L5: 0.92 | M5: 50 | N5: 3000 | O5: 62 | P5: 89 | Q5: 2 | R5: 66 | S5: 6A1A1 | T5: 1001 | U5: 55 | V5: - | W5: ASYNCH | X5: ASYNCH_CAGE | Z5: MS | AB5: {=_xlfn._xlws.FILTER(Projets!I$2:I$823,(Projets!A$2:A$823=A5), "")}
A6: A15249 | B6: 40287 | C6: PORT HARCOURT | D6: M10 | E6: CLYDE UNION | F6: NIGERIA | G6: JEMAC 400 TM2_3.15_50 | I6: 1 | J6: 0.53 | K6: 3.15 | L6: 0.92 | M6: 50 | N6: 3000 | O6: 39 | P6: 48 | Q6: 2 | R6: 42 | S6: 6A1A1 | T6: 1001 | U6: 55 | V6: - | W6: ASYNCH | X6: ASYNCH_CAGE | Z6: MS | AB6: {=_xlfn._xlws.FILTER(Projets!I$2:I$823,(Projets!A$2:A$823=A6), "")}
A7: A15305 | B7: 40332 | C7: RRA NING DE 3 ET 4 | D7: M10 | E7: CLYDE UNIONS LTD | F7: CNPEC | G7: TNC 630 Ax 4 | H7: 56X.EI1373 | I7: 4 | J7: 1 | K7: 6 | L7: 0.7 | M7: 50 | N7: 1500 | O7: 52 | P7: 35 | Q7: 4 | R7: 72 | S7: 0 | T7: 1001 | U7: 54 | V7: - | W7: ASYNCH | X7: ASYNCH_CAGE | Z7: MS | AB7: {=_xlfn._xlws.FILTER(Projets!I$2:I$823,(Projets!A$2:A$823=A7), "")}
A8: A15369 | B8: 40400 | C8: FLOWSERVE MOTEUR SEC | D8: M10 | E8: FLOW SERVE | F8: TAISHAN NUCLEAR POWER | G8: JEMAC500TS6_10_50 | I8: 8 | J8: 0.94 | K8: 10 | L8: 0.86 | M8: 50 | N8: 1000 | O8: 63 | P8: 74 | Q8: 6 | R8: 72 | S8: 6A1A1 | T8: 1001 | U8: 55 | V8: - | W8: ASYNCH | X8: ASYNCH_CAGE | Z8: MS | AB8: {=_xlfn._xlws.FILTER(Projets!I$2:I$823,(Projets!A$2:A$823=A8), "")}
A9: A15371 | B9: 40609 | C9: JEMAC 450 ANNABA | D9: M10 | E9: MITTAL ALGERIE | F9: MITTAL ALGERIE | G9: JEMAC 450 AS 4_5.5_50 | I9: 1 | J9: 1 | K9: 5 | L9: 0.87 | M9: 50 | N9: 1500 | O9: 50 | P9: 72 | Q9: 4 | R9: 60 | S9: 0A1 | T9: 1001 | U9: 23 | V9: - | W9: ASYNCH | X9: ASYNCH_CAGE | Z9: MS | AB9: {=_xlfn._xlws.FILTER(Projets!I$2:I$823,(Projets!A$2:A$823=A9), "")}
A10: A15427 | B10: 40507 | C10: NAMA_CHEMICALS | D10: L03 | E10: JEUMONT ELECTRIC INDIA | F10: FLOWSERVE | I10: 3 | J10: 1 | K10: 4 | L10: 0.81 | M10: 60 | N10: 900 | O10: 64 | P10: 114 | Q10: 8 | R10: 96 | S10: 6A1A1 | T10: 3011 | U10: 55 | V10: - | W10: ASYNCH | Z10: MS | AB10: {=_xlfn._xlws.FILTER(Projets!I$2:I$823,(Projets!A$2:A$823=A10), "")}
A11: A15427 | B11: 40507 | C11: NAMA_CHEMICALS | D11: L02 | E11: JEUMONT ELECTRIC INDIA | F11: NAMA_CHEMICALS | I11: 3 | J11: 1 | K11: 4 | L11: 0.78 | M11: 60 | N11: 720 | O11: 65 | P11: 79 | Q11: 10 | R11: 120 | S11: 6A1A1 | T11: 3011 | U11: 55 | V11: - | W11: ASYNCH | Z11: MS | AB11: {=_xlfn._xlws.FILTER(Projets!I$2:I$823,(Projets!A$2:A$823=A11), "")}
A12: A15427 | B12: 40506 | C12: NAMA CHEMICALS H355 4P | D12: L01 | E12: FLOWSERVE | F12: NAMA | G12: JEMAC355TS4_4_60 | I12: 3 | J12: 0.315 | K12: 4 | L12: 0.88 | M12: 60 | N12: 1800 | O12: 40 | P12: 46 | Q12: 4 | R12: 48 | S12: 6A1A1 | T12: 1001 | U12: 55 | V12: - | W12: ASYNCH | X12: ASYNCH_CAGE | Z12: MS | AB12: {=_xlfn._xlws.FILTER(Projets!I$2:I$823,(Projets!A$2:A$823=A12), "")}
A13: A15469 | B13: 40511 | C13: RRA FANGCHENGGANG UNIT 1 | D13: M10 | E13: SBW | F13: CNPE | G13: TNC 630 Ax 4 | H13: A15173 | I13: 2 | J13: 1 | K13: 6 | L13: 0.9 | M13: 50 | N13: 1500 | O13: 52 | P13: 35 | Q13: 4 | R13: 72 | S13: 0 | T13: 1001 | U13: 54 | V13: - | W13: ASYNCH | X13: ASYNCH_CAGE | Z13: MS | AB13: {=_xlfn._xlws.FILTER(Projets!I$2:I$823,(Projets!A$2:A$823=A13), "")}
A14: A15470 | B14: 40511 | C14: RRA YANGJIANG UNIT 3 | D14: M10 | E14: SBW | F14: CNPE | G14: TNC 630 Ax 4 | H14: A15173 | I14: 2 | J14: 1 | K14: 6 | L14: 0.9 | M14: 50 | N14: 1500 | O14: 52 | P14: 35 | Q14: 4 | R14: 72 | S14: 0 | T14: 1001 | U14: 54 | V14: - | W14: ASYNCH | X14: ASYNCH_CAGE | Z14: MS | AB14: {=_xlfn._xlws.FILTER(Projets!I$2:I$823,(Projets!A$2:A$823=A14), "")}
A15: A15486 | B15: 40560 | C15: PAQUEBOT H33 - 2 JEMAC500 | D15: M10 | E15: STX FRANCE | F15: HAPAG LLOYD | G15: JEMAC 500 T S 6-6.6-60 | I15: 2 | J15: 1.5 | K15: 6.6 | L15: 0.85 | M15: 60 | N15: 1200 | O15: 64 | P15: 64 | Q15: 6 | R15: 71 | S15: 6A1A1 | T15: 3011 | U15: 44 | V15: - | W15: ASYNCH | X15: ASYNCH_CAGE | Z15: MS | AB15: {=_xlfn._xlws.FILTER(Projets!I$2:I$823,(Projets!A$2:A$823=A15), "")}
A16: A15534 | B16: 40570 | C16: PORT HARCOURT 2 | D16: M10 | E16: CLYDE UNION | F16: NNPC | G16: JEMAC 400 TM2-3.15-50 dans carcasse HA450 | H16: A15249 | I16: 1 | J16: 0.53 | K16: 3.15 | L16: 0.92 | M16: 50 | N16: 3000 | O16: 39 | P16: 48 | Q16: 2 | R16: 42 | S16: 6A1A1 | T16: 1001 | U16: 55 | V16: - | W16: ASYNCH | X16: ASYNCH_CAGE | Z16: MS | AB16: {=_xlfn._xlws.FILTER(Projets!I$2:I$823,(Projets!A$2:A$823=A16), "")}
A17: A15556 | B17: 40599 | C17: ESSAR | D17: M10 | E17: JE INDIA | F17: ESSAR PROJECTS | G17: JEMAC 500 TS 12_6.6_50 | I17: 5 | J17: 1 | K17: 6.6 | L17: 0.7 | M17: 50 | N17: 500 | O17: 656 | P17: 109 | Q17: 12 | R17: 108 | S17: 6A1A1 | T17: 1001 | U17: 55 | V17: - | W17: ASYNCH | X17: ASYNCH_CAGE | Z17: MS | AB17: {=_xlfn._xlws.FILTER(Projets!I$2:I$823,(Projets!A$2:A$823=A17), "")}
A18: A15766 | B18: 40976 | C18: RRA YANGJIANG UNIT 4 | D18: M10 | E18: SBW | F18: CNPE | G18: TNC 630 Ax 4 | H18: A15470 | I18: 2 | J18: 1 | K18: 6 | L18: 0.9 | M18: 50 | N18: 1500 | O18: 52 | P18: 35 | Q18: 4 | R18: 72 | S18: 0 | T18: 1001 | U18: 54 | V18: - | W18: ASYNCH | X18: ASYNCH_CAGE | Z18: MS | AB18: {=_xlfn._xlws.FILTER(Projets!I$2:I$823,(Projets!A$2:A$823=A18), "")}
A19: A15767 | B19: 40976 | C19: RRA FANGCHENGGANG UNIT 2 | D19: M10 | E19: SBW | F19: CNPE | G19: TNC 630 Ax 4 | H19: A15469 | I19: 2 | J19: 1 | K19: 6 | L19: 0.9 | M19: 50 | N19: 1500 | O19: 52 | P19: 35 | Q19: 4 | R19: 72 | S19: 0 | T19: 1001 | U19: 54 | V19: - | W19: ASYNCH | X19: ASYNCH_CAGE | Z19: MS | AB19: {=_xlfn._xlws.FILTER(Projets!I$2:I$823,(Projets!A$2:A$823=A19), "")}
A20: A15768 | B20: 40841 | C20: SITECH ASYNCHRONE K6501 | D20: M10 | E20: SITECH | F20: SITECH | G20: JEMAC 800TL16 | I20: 1 | J20: 2.2 | K20: 10 | L20: 0.82 | M20: 50 | N20: 375 | O20: 80 | P20: 100 | Q20: 16 | R20: 72 | S20: 6A1A1 | T20: 1005 | U20: 55 | V20: N | W20: ASYNCH | X20: ASYNCH_CAGE | Z20: MS | AA20: OIL_GAS | AB20: {=_xlfn._xlws.FILTER(Projets!I$2:I$823,(Projets!A$2:A$823=A20), "")}
A21: A15780 | B21: 40854 | C21: STX MN33 THRUSTER | D21: M10 | E21: STX | F21: MARINE FÃ‰DÃ‰RATION RUSSIE | G21: JEMAC 500 AS6_6.6_50 | I21: 2 | J21: 1.5 | K21: 6 | L21: 0.86 | M21: 50 | N21: 1000 | O21: 63 | P21: 64 | Q21: 6 | R21: 90 | S21: 0A1 | T21: 3011 | U21: 23 | V21: - | W21: ASYNCH | X21: ASYNCH_CAGE | Z21: MS | AB21: {=_xlfn._xlws.FILTER(Projets!I$2:I$823,(Projets!A$2:A$823=A21), "")}
A22: A15857 | B22: 40961 | C22: JEMAC 560 DEWA | D22: M10 | E22: DEWA | F22: DEWA | G22: JEMAC 560 TS 12-6.6-50 | I22: 1 | J22: 0.99 | K22: 6.6 | L22: 0.79 | M22: 50 | N22: 500 | O22: 75 | P22: 114 | Q22: 12 | R22: 108 | S22: 5A1A1 | T22: 3011 | U22: 55 | V22: - | W22: ASYNCH | X22: ASYNCH_CAGE | Z22: MS | AB22: {=_xlfn._xlws.FILTER(Projets!I$2:I$823,(Projets!A$2:A$823=A22), "")}
A23: A15858 | B23: 40976 | C23: RRA FUQING UNIT 3-4 | D23: M10 | E23: CLYDE UNION LTD | F23: CNPEC | G23: TNC 630 Ax 4 | H23: EI1493 | I23: 4 | J23: 1 | K23: 6 | L23: 0.9 | M23: 50 | N23: 1500 | O23: 52 | P23: 35 | Q23: 4 | R23: 72 | S23: 0 | T23: 1001 | U23: 54 | V23: - | W23: ASYNCH | X23: ASYNCH_CAGE | Z23: MS | AB23: {=_xlfn._xlws.FILTER(Projets!I$2:I$823,(Projets!A$2:A$823=A23), "")}
A24: A15987 | B24: 41053 | C24: TERMOMECCANICA TOMBAK | D24: M10 | E24: TM.P.SPA TERMOMECCANICA | F24: MAPNA | I24: 5 | J24: 2.05 | K24: 6.6 | L24: 0.78 | M24: 50 | N24: 428 | O24: 96 | P24: 139 | Q24: 14 | R24: 126 | S24: 6A1A1 | T24: 1001 | U24: 55 | V24: - | W24: ASYNCH | Z24: MS | AB24: {=_xlfn._xlws.FILTER(Projets!I$2:I$823,(Projets!A$2:A$823=A24), "")}
A25: A16005 | B25: 41092 | C25: MOTEURS JEMAC 400 | D25: M10 | E25: MEKEM MAKINA OTOMASYON | F25: MEKEM MAKINA | G25: JEMAC 400 TL 4-6-50 | I25: 6 | J25: 1 | K25: 6 | L25: 0.88 | M25: 50 | N25: 1500 | O25: 46 | P25: 78 | Q25: 4 | R25: 60 | S25: 6A1A1 | T25: 1001 | U25: 55 | V25: E | W25: ASYNCH | X25: ASYNCH_CAGE | Z25: MS | AA25: OIL_GAS | AB25: {=_xlfn._xlws.FILTER(Projets!I$2:I$823,(Projets!A$2:A$823=A25), "")}
A26: A16013 | B26: 41082 | C26: TEST BENCH JEI | D26: M10 | E26: JEUMONT INDIA | F26: JEUMONT INDIA | G26: Moteur d entrainement sur plateforme d'essai | I26: 1 | J26: 0.4 | K26: 2 | L26: 0.8 | M26: 60 | N26: 1200 | O26: 46 | P26: 57 | Q26: 6 | R26: 57 | S26: 0A1 | T26: 1001 | U26: 23 | V26: - | W26: ASYNCH | Z26: MS | AB26: {=_xlfn._xlws.FILTER(Projets!I$2:I$823,(Projets!A$2:A$823=A26), "")}
A27: A16050 | B27: 42431 | C27: JEMAC 710 TL4 | D27: M10 | E27: KARKHEH | F27: KARKHEH | G27: JEMAC 710 TL4 | I27: 3 | J27: 4 | K27: 11 | L27: 0.89 | M27: 50 | N27: 1500 | O27: 87 | P27: 114 | Q27: 4 | R27: 72 | S27: 6A1A1 | T27: 1001 | U27: 55 | V27: E | W27: ASYNCH | X27: ASYNCH_CAGE | Z27: MS | AA27: OIL_GAS | AB27: {=_xlfn._xlws.FILTER(Projets!I$2:I$823,(Projets!A$2:A$823=A27), "")}
A28: A16325 | B28: 41479 | C28: RRA HAINAN | D28: M10 | E28: SPX ECOSSE | F28: HAINAN CHINE | G28: TNC 560-Cy-4 | I28: 4 | J28: 0.225 | K28: 6 | L28: 0.87 | M28: 50 | N28: 1500 | O28: 45 | P28: 41 | Q28: 4 | R28: 66 | S28: 5A1A1 | T28: 1001 | U28: 55 | V28: - | W28: ASYNCH | X28: ASYNCH_CAGE | Z28: MS | AB28: {=_xlfn._xlws.FILTER(Projets!I$2:I$823,(Projets!A$2:A$823=A28), "")}
A29: A16341 | B29: 41536 | C29: RECHANGE TERGA 14P | D29: M20 | E29: ALSTOM | F29: ALSTOM | G29: JEMAC500TS14_6.6_50 | H29: 56X.EI1463A2 | I29: 1 | J29: 0.615 | K29: 6.6 | L29: 0.74 | M29: 50 | N29: 428 | O29: 69 | P29: 114 | Q29: 14 | R29: 126 | S29: 6A1A1 | T29: 3011 | U29: 55 | V29: - | W29: ASYNCH | X29: ASYNCH_CAGE | Z29: MS | AB29: {=_xlfn._xlws.FILTER(Projets!I$2:I$823,(Projets!A$2:A$823=A29), "")}
A30: A16341 | B30: 41536 | C30: RECHANGE TERGA 12P | D30: M10 | E30: ALSTOM | F30: ALSTOM | G30: JEMAC500TS12-6.6-50 | H30: 56X.EI1463A1 | I30: 1 | J30: 0.8 | K30: 6.6 | L30: 0.74 | M30: 50 | N30: 500 | O30: 67 | P30: 114 | Q30: 12 | R30: 108 | S30: 6A1A1 | T30: 3011 | U30: 55 | V30: - | W30: ASYNCH | X30: ASYNCH_CAGE | Z30: MS | AB30: {=_xlfn._xlws.FILTER(Projets!I$2:I$823,(Projets!A$2:A$823=A30), "")}
A31: A16380 | B31: 41529 | C31: PORT ELISABETH | D31: M10 | E31: LINDE AG | F31: LINDE AG | G31: JEMAC 630 RL2-11-50 | I31: 1 | J31: 3 | K31: 11 | L31: 0.9 | M31: 50 | N31: 3000 | O31: 56 | P31: 74 | Q31: 2 | R31: 60 | S31: 8A1W7 | T31: 1001 | U31: 54 | V31: - | W31: ASYNCH | X31: ASYNCH_CAGE | Z31: MS | AB31: {=_xlfn._xlws.FILTER(Projets!I$2:I$823,(Projets!A$2:A$823=A31), "")}
A32: A16406 | B32: 41787 | C32: JEMAC630TL16 VERTICAL | D32: M10 | E32: FLOWSERVE | F32: FLOWSERVE | G32: JEMAC630TL16-5.5-50 | H32: 56X.EI1377 | I32: 1 | J32: 0.85 | K32: 5.5 | L32: 0.79 | M32: 50 | N32: 375 | O32: 86 | P32: 114 | Q32: 16 | R32: 144 | S32: 6A1A1 | T32: 3011 | U32: 54 | V32: - | W32: ASYNCH | X32: ASYNCH_CAGE | Z32: MS | AB32: {=_xlfn._xlws.FILTER(Projets!I$2:I$823,(Projets!A$2:A$823=A32), "")}
A33: A16484 | B33: 41652 | C33: LINGDONG | D33: M10 | E33: LING AO | F33: CHINE | G33: RCV - TNC 630 D4 | H33: 56X.EI1469 | I33: 1 | J33: 1 | K33: 6 | L33: 1 | M33: 50 | N33: 1500 | O33: 52 | P33: 53 | Q33: 4 | R33: 72 | S33: 151 | T33: 1001 | U33: 55 | V33: - | W33: ASYNCH | X33: ASYNCH_CAGE | Z33: MS | AB33: {=_xlfn._xlws.FILTER(Projets!I$2:I$823,(Projets!A$2:A$823=A33), "")}
A34: A16537 | B34: 41697 | C34: RCV SPX CU ANNECY | D34: M10 | E34: SPX CLYDE UNION ANNECY | F34: CNPEC YANGJIANG | G34: tnc630 d4 | H34: 56X.EI1469 | I34: 6 | J34: 1 | K34: 6 | L34: 1 | M34: 50 | N34: 1500 | O34: 52 | P34: 53 | Q34: 4 | R34: 72 | S34: 151 | T34: 1001 | U34: 55 | V34: - | W34: ASYNCH | X34: ASYNCH_CAGE | Z34: MS | AB34: {=_xlfn._xlws.FILTER(Projets!I$2:I$823,(Projets!A$2:A$823=A34), "")}
A35: A16561 | B35: 41726 | C35: LINDE TERNI | D35: M10 | E35: LINDE GAS ITALIA S.R.L. | F35: LINDE GAS ITALIA S.R.L. | G35: JEMAC900RS4_6_50 | I35: 1 | J35: 5.7 | K35: 6 | L35: 0.93 | M35: 50 | N35: 1500 | O35: 95 | P35: 84 | Q35: 4 | R35: 120 | S35: IC8A1W7 | T35: 1001 | U35: 55 | V35: - | W35: ASYNCH | X35: ASYNCH_CAGE | Z35: MS | AB35: {=_xlfn._xlws.FILTER(Projets!I$2:I$823,(Projets!A$2:A$823=A35), "")}
A36: A16586 | B36: 41837 | C36: SOC IRAK KUFA | D36: M10 | E36: SOC | F36: SOC | G36: JEMAC 900TL12-6.6-50 | I36: 1 | J36: 3.4 | K36: 6.6 | L36: 0.78 | M36: 50 | N36: 500 | O36: 125 | P36: 112 | Q36: 12 | R36: 108 | S36: 666 | T36: 1001 | U36: 55 | V36: - | W36: ASYNCH | X36: ASYNCH_CAGE | Z36: MS | AB36: {=_xlfn._xlws.FILTER(Projets!I$2:I$823,(Projets!A$2:A$823=A36), "")}
A37: A16605 | B37: 41743 | C37: RRA YANGJIANG 5 ET 6 | D37: M10 | E37: CLYDE UNION PUMPS GLASGOW | F37: CNPEC | G37: rra - tnc 630 - ax - 4 | I37: 4 | J37: 1 | K37: 6 | L37: 1 | M37: 50 | N37: 1500 | O37: 52 | P37: 36 | Q37: 4 | R37: 72 | S37: 151 | T37: 1001 | U37: 55 | V37: - | W37: ASYNCH | X37: ASYNCH_CAGE | Z37: MS | AB37: {=_xlfn._xlws.FILTER(Projets!I$2:I$823,(Projets!A$2:A$823=A37), "")}
A38: A16618 | B38: 41752 | C38: ITER | D38: M30 | E38: COFELY AXIMA | F38: AIR LIQUIDE | G38: Jemac 500RL2_6,6_50 | I38: 6 | J38: 2.5 | K38: 6.6 | L38: 0.894 | M38: 50 | N38: 3000 | O38: 44 | P38: 89 | Q38: 2 | R38: 54 | S38: IC8A1W7 | T38: 1001 | U38: 55 | V38: - | W38: ASYNCH | X38: ASYNCH_CAGE | Z38: MS | AB38: {=_xlfn._xlws.FILTER(Projets!I$2:I$823,(Projets!A$2:A$823=A38), "")}
A39: A16618 | B39: 42192 | C39: ITER | D39: M20 | E39: COFELY AXIMA | F39: AIR LIQUIDE | G39: Jemac 400RXL2_6,6_60 | I39: 3 | J39: 1.1 | K39: 6.6 | L39: 0.91 | M39: 60 | N39: 3600 | O39: 39 | P39: 58 | Q39: 2 | R39: 54 | S39: IC8A1W7 | T39: 1001 | U39: 55 | V39: - | W39: ASYNCH | X39: ASYNCH_CAGE | Z39: MS | AB39: {=_xlfn._xlws.FILTER(Projets!I$2:I$823,(Projets!A$2:A$823=A39), "")}
A40: A16618 | B40: 42192 | C40: ITER | D40: M10 | E40: COFELY AXIMA | F40: AIR LIQUIDE | G40: Jemac 400RL2_6,6_50 | I40: 9 | J40: 0.986 | K40: 6.6 | L40: 0.91 | M40: 50 | N40: 3000 | O40: 39 | P40: 58 | Q40: 2 | R40: 54 | S40: IC8A1W7 | T40: 1001 | U40: 55 | V40: - | W40: ASYNCH | X40: ASYNCH_CAGE | Z40: MS | AB40: {=_xlfn._xlws.FILTER(Projets!I$2:I$823,(Projets!A$2:A$823=A40), "")}
A41: A16639 | B41: 41796 | C41: I34 BRITTANY FERRIES | D41: M10 | E41: STX | F41: BRITTANY FERRIES | G41: JEMAC1900 | I41: 2 | J41: 16 | K41: 6 | L41: 0.87 | M41: 14 | N41: 126 | O41: 290 | P41: 174 | Q41: 14 | R41: 168 | S41: W37A81 | T41: 7215 | U41: 54 | V41: - | W41: ASYNCH | X41: ASYNCH_CAGE | Z41: MS | AB41: {=_xlfn._xlws.FILTER(Projets!I$2:I$823,(Projets!A$2:A$823=A41), "")}
A42: A16687 | B42: 41837 | C42: SOC IRAK KUFA 2 | D42: M10 | E42: SOC | F42: SOC | G42: JEMAC 900TL12-6.6-50 | H42: A16586_M10 | I42: 1 | J42: 3.4 | K42: 6.6 | L42: 0.78 | M42: 50 | N42: 500 | O42: 125 | P42: 112 | Q42: 12 | R42: 108 | S42: 666 | T42: 1001 | U42: 55 | V42: - | W42: ASYNCH | X42: ASYNCH_CAGE | Z42: MS | AB42: {=_xlfn._xlws.FILTER(Projets!I$2:I$823,(Projets!A$2:A$823=A42), "")}
A43: A16719 | B43: 41870 | C43: JBEL OUST | D43: M10 | E43: GROUPE CIMPOR | F43: GROUPE CIMPOR | G43: JEMAC 450TS4_5.5_50 | H43: IA1002_M10 | I43: 1 | J43: 1.25 | K43: 5.5 | L43: 0.87 | M43: 50 | N43: 1500 | O43: 51 | P43: 70 | Q43: 4 | R43: 72 | S43: 6A1A1 | T43: 1001 | U43: 55 | V43: - | W43: ASYNCH | X43: ASYNCH_CAGE | Z43: MS | AB43: {=_xlfn._xlws.FILTER(Projets!I$2:I$823,(Projets!A$2:A$823=A43), "")}
A44: A16730 | B44: 41893 | C44: NAMA GASCO | D44: M10 | E44: NAMA DEVELOPMENT ENT | F44: GASCO | G44: JEMAC 400TS2-3.3-50 | H44: A16618_M10 | I44: 3 | J44: 0.6 | K44: 3.3 | L44: 0.87 | M44: 50 | N44: 3000 | O44: 40 | P44: 45 | Q44: 2 | R44: 54 | S44: 6A1A1 | T44: 1001 | U44: 55 | V44: P | W44: ASYNCH | X44: ASYNCH_CAGE | Z44: MS | AA44: OIL_GAS | AB44: {=_xlfn._xlws.FILTER(Projets!I$2:I$823,(Projets!A$2:A$823=A44), "")}
A45: A16801 | B45: 41971 | C45: MSC STX JEMAC 630 | D45: M10 | E45: STX FRANCE SA | F45: MSC | G45: JEMAC 630AL10_11_60_V | I45: 4 | J45: 3 | K45: 11 | L45: 0.803 | M45: 60 | N45: 720 | O45: 84 | P45: 129 | Q45: 10 | R45: 90 | S45: 1 | T45: 3011 | U45: 23 | V45: - | W45: ASYNCH | X45: ASYNCH_CAGE | Z45: MS | AB45: {=_xlfn._xlws.FILTER(Projets!I$2:I$823,(Projets!A$2:A$823=A45), "")}
A46: A16857 | B46: 42032 | C46: 1 JEMAC 900 TS10 | D46: M20 | E46: TERMOMECCANICA SPA | F46: PARDIS PETROCHEMICAL CPY | G46: JEMAC900TS10-11-50 | H46: A15987 | I46: 1 | J46: 4.12 | K46: 11 | L46: 0.84 | M46: 50 | N46: 600 | O46: 124 | P46: 124 | Q46: 10 | R46: 120 | S46: 6A1A1 | T46: 1001 | U46: 55 | V46: - | W46: ASYNCH | X46: ASYNCH_CAGE | Z46: MS | AB46: {=_xlfn._xlws.FILTER(Projets!I$2:I$823,(Projets!A$2:A$823=A46), "")}
A47: A16857 | B47: 42032 | C47: 2 JEMAC 710 | D47: M10 | E47: TERMOMECCANICA SPA | F47: PARDIS PETROCHEMICAL CPY | G47: JEMAC710TM12-11-50 | H47: A15987 | I47: 2 | J47: 1.77 | K47: 11 | L47: 0.79 | M47: 50 | N47: 500 | O47: 96 | P47: 119 | Q47: 12 | R47: 108 | S47: 6A1A1 | T47: 3011 | U47: 55 | V47: - | W47: ASYNCH | X47: ASYNCH_CAGE | Z47: MS | AB47: {=_xlfn._xlws.FILTER(Projets!I$2:I$823,(Projets!A$2:A$823=A47), "")}
A48: A16864 | B48: 42047 | C48: CEGELEC CASTIGNEAU | D48: M10 | E48: CEGELEC BASE NAVALE TOULO | F48: CEGELEC BASE NAVALE TOULO | G48: JEMAC800RL10-10-50 | I48: 1 | J48: 4.2 | K48: 10 | L48: 0.86 | M48: 50 | N48: 600 | O48: 109 | P48: 119 | Q48: 10 | R48: 90 | S48: 8A1W7 | T48: 1001 | U48: 54 | V48: - | W48: ASYNCH | X48: ASYNCH_CAGE | Z48: MS | AB48: {=_xlfn._xlws.FILTER(Projets!I$2:I$823,(Projets!A$2:A$823=A48), "")}
A49: A16883 | B49: 42065 | C49: RRA-KOEBERG | D49: M10 | E49: ALTOM POWER SERVICE | F49: AREVA | G49: TNC 630 AX4 | I49: 1 | J49: 1 | K49: 6 | L49: 1 | M49: 50 | N49: 1500 | O49: 52 | P49: 35 | Q49: 4 | R49: 72 | S49: 151 | T49: 1001 | U49: 55 | V49: - | W49: ASYNCH | X49: ASYNCH_CAGE | Z49: MS | AB49: {=_xlfn._xlws.FILTER(Projets!I$2:I$823,(Projets!A$2:A$823=A49), "")}
A50: A16913 | B50: 42104 | C50: ELFOULADH | D50: M10 | E50: SOCIETE TUNIS SIDERUR | F50: IDEM | G50: JEMAC500RS4 | H50: A15369 | I50: 1 | J50: 2.24 | K50: 5.5 | L50: 0.87 | M50: 50 | N50: 1500 | O50: 58 | P50: 79 | Q50: 4 | R50: 72 | S50: 8A1W7 | T50: 1001 | U50: 55 | V50: - | W50: ASYNCH | X50: ASYNCH_CAGE | Z50: MS | AB50: {=_xlfn._xlws.FILTER(Projets!I$2:I$823,(Projets!A$2:A$823=A50), "")}
A51: A16959 | B51: 42153 | C51: COWATER | D51: M10 | E51: COWATER INDUSTRY | F51: SONEDE | G51: JEMAC450AM6-5,5-50 | I51: 2 | J51: 1 | K51: 5 | L51: 0.88 | M51: 50 | N51: 1000 | O51: 51 | P51: 77 | Q51: 6 | R51: 72 | S51: 0A1 | T51: 3011 | U51: 23 | V51: - | W51: ASYNCH | X51: ASYNCH_CAGE | Z51: MS | AB51: {=_xlfn._xlws.FILTER(Projets!I$2:I$823,(Projets!A$2:A$823=A51), "")}
A52: A16982 | B52: 42159 | C52: MOTEURS MHSI K3 | D52: M10 | E52: SPX CLYDE UNION ANNECY | F52: CNPE | G52: JEMAC355RS2-6,6-50 | I52: 4 | J52: 1 | K52: 6 | L52: 0.9 | M52: 50 | N52: 3000 | O52: 34 | P52: 42 | Q52: 2 | R52: 48 | S52: 8A1W7 | T52: 1001 | U52: 55 | V52: - | W52: ASYNCH | X52: ASYNCH_CAGE | Z52: MS | AB52: {=_xlfn._xlws.FILTER(Projets!I$2:I$823,(Projets!A$2:A$823=A52), "")}
A53: A17058 | B53: 42283 | C53: RRA NINGDE 3 1 4 | D53: M10 | E53: CLYDE UNION | F53: CHINE | G53: TNC 630 AX4 | H53: A15305 | I53: 1 | J53: 1 | K53: 6 | L53: 1 | M53: 50 | N53: 1500 | O53: 52 | P53: 36 | Q53: 4 | R53: 72 | S53: 151 | T53: 1001 | U53: 55 | V53: - | W53: ASYNCH | X53: ASYNCH_CAGE | Z53: MS | AB53: {=_xlfn._xlws.FILTER(Projets!I$2:I$823,(Projets!A$2:A$823=A53), "")}
A54: A17065 | B54: 42250 | C54: MEDINA YAMBU | D54: M10 | E54: ARABIE SAOUDITE | F54: SWCC | G54: TNCX 710 B10 | I54: 1 | J54: 1 | K54: 13 | L54: 1 | M54: 60 | N54: 720 | O54: 72 | P54: 100 | Q54: 10 | R54: 90 | S54: 161 | T54: 1001 | U54: 54 | V54: - | W54: ASYNCH | X54: ASYNCH_CAGE | Z54: MS | AB54: {=_xlfn._xlws.FILTER(Projets!I$2:I$823,(Projets!A$2:A$823=A54), "")}
A55: A17090 | B55: 42279 | C55: OASIS BELLY | D55: M20 | E55: OASIS TECHNICAL CORP | F55: SONEDE | G55: JEMAC 400TL6_5.5_50 | I55: 1 | J55: 0.71 | K55: 5.5 | L55: 0.84 | M55: 50 | N55: 1000 | O55: 47 | P55: 78 | Q55: 6 | R55: 54 | S55: 6A1A1 | T55: 1001 | U55: 55 | V55: - | W55: ASYNCH | X55: ASYNCH_CAGE | Z55: MS | AB55: {=_xlfn._xlws.FILTER(Projets!I$2:I$823,(Projets!A$2:A$823=A55), "")}
A56: A17090 | B56: 42279 | C56: OASIS BELLY | D56: M10 | E56: OASIS TECHNICAL CORP | F56: SONEDE | G56: JEMAC 450TS6_5.5_50 | I56: 5 | J56: 0.71 | K56: 5.5 | L56: 0.84 | M56: 50 | N56: 1000 | O56: 56 | P56: 60 | Q56: 6 | R56: 72 | S56: 6A1A1 | T56: 1001 | U56: 55 | V56: - | W56: ASYNCH | X56: ASYNCH_CAGE | Z56: MS | AB56: {=_xlfn._xlws.FILTER(Projets!I$2:I$823,(Projets!A$2:A$823=A56), "")}
A57: A17254 | B57: 42426 | C57: NAMA_GASCO_2 | D57: M10 | E57: NAMA | F57: GASCO | G57: JEMAC400TS2 3300V 50Hz | H57: A16730_M10 | I57: 2 | J57: 0.51 | K57: 3.3 | L57: 0.92 | M57: 50 | N57: 3000 | O57: 40 | P57: 45 | Q57: 2 | R57: 54 | S57: 611 | T57: 1001 | U57: 55 | V57: - | W57: ASYNCH | X57: ASYNCH_CAGE | Z57: MS | AB57: {=_xlfn._xlws.FILTER(Projets!I$2:I$823,(Projets!A$2:A$823=A57), "")}
A58: A17275 | B58: 42430 | C58: SWAM 2 | D58: M30 | E58: SWAM | F58: SWAM | G58: JEMAC 450TM6 770KW | H58: A16959_M10 | I58: 6 | J58: 1 | K58: 6 | L58: 0.9 | M58: 50 | N58: 1000 | O58: 57 | P58: 76 | Q58: 6 | R58: 72 | S58: 6A1A1 | T58: 1001 | U58: 55 | V58: E | W58: ASYNCH | X58: ASYNCH_CAGE | Z58: MS | AA58: OIL_GAS | AB58: {=_xlfn._xlws.FILTER(Projets!I$2:I$823,(Projets!A$2:A$823=A58), "")}
A59: A17275 | B59: 42430 | C59: SWAM 2 | D59: M20 | E59: SWAM | F59: SWAM | G59: JEMAC 355TS4 450KW | H59: A16959_M10 | I59: 4 | J59: 1 | K59: 6 | L59: 0.9 | M59: 50 | N59: 1500 | O59: 50 | P59: 62 | Q59: 4 | R59: 56 | S59: 6A1A1 | T59: 1001 | U59: 55 | V59: E | W59: ASYNCH | X59: ASYNCH_CAGE | Z59: MS | AA59: OIL_GAS | AB59: {=_xlfn._xlws.FILTER(Projets!I$2:I$823,(Projets!A$2:A$823=A59), "")}
A60: A17275 | B60: 42430 | C60: SWAM 2 | D60: M10 | E60: SWAM | F60: SWAM | G60: JEMAC 355TS4 250 KW | H60: A16959_M10 | I60: 2 | J60: 1 | K60: 6 | L60: 0.9 | M60: 50 | N60: 1500 | O60: 40 | P60: 56 | Q60: 4 | R60: 48 | S60: 6A1A1 | T60: 1001 | U60: 55 | V60: E | W60: ASYNCH | X60: ASYNCH_CAGE | Z60: MS | AA60: OIL_GAS | AB60: {=_xlfn._xlws.FILTER(Projets!I$2:I$823,(Projets!A$2:A$823=A60), "")}
A61: A17279 | B61: 42450 | C61: 5 MOTEURS 6?6 KV | D61: M10 | E61: EDF | F61: EDF | G61: RNCY 156-70-6 | H61: A16221_M70 | I61: 1 | J61: 5 | K61: 6 | L61: 1 | M61: 50 | N61: 1000 | O61: 115 | P61: 70 | Q61: 6 | R61: 108 | S61: W37A81 | T61: 3011 | U61: 55 | V61: - | W61: ASYNCH | X61: ASYNCH_CAGE | Z61: MS | AB61: {=_xlfn._xlws.FILTER(Projets!I$2:I$823,(Projets!A$2:A$823=A61), "")}
A62: A17279 | B62: 42450 | C62: 5 MOTEURS 6?6 KV | D62: M10 | E62: EDF | F62: EDF | G62: RNCY 156-70-6 | H62: A16221_M70 | I62: 1 | J62: 5 | K62: 6 | L62: 1 | M62: 50 | N62: 1000 | O62: 115 | P62: 70 | Q62: 6 | R62: 108 | S62: W37A81 | T62: 3011 | U62: 55 | V62: - | W62: ASYNCH | X62: ASYNCH_CAGE | Z62: MS | AB62: {=_xlfn._xlws.FILTER(Projets!I$2:I$823,(Projets!A$2:A$823=A62), "")}
A63: A17434 | B63: 42579 | C63: TERMIGAS | D63: M10 | E63: JOHNSON CONTROL INDUSTRIE | F63: TERMIGAS | G63: JEMAC500RL4-10.5-50 | I63: 1 | J63: 2 | K63: 10 | L63: 0.85 | M63: 50 | N63: 1500 | O63: 58 | P63: 104 | Q63: 4 | R63: 60 | S63: IC8A1W7 | T63: 1001 | U63: 55 | V63: - | W63: ASYNCH | X63: ASYNCH_CAGE | Z63: MS | AB63: {=_xlfn._xlws.FILTER(Projets!I$2:I$823,(Projets!A$2:A$823=A63), "")}
A64: A17434 | B64: 42579 | C64: TERMIGAS | D64: M10 | E64: JOHNSON CONTROL INDUSTRIE | F64: TERMIGAS | G64: JEMAC500TL4-10.5-50 | I64: 1 | J64: 2 | K64: 10 | L64: 0.85 | M64: 50 | N64: 1500 | O64: 58 | P64: 104 | Q64: 4 | R64: 60 | S64: IC8A1W7 | T64: 1001 | U64: 55 | V64: - | W64: ASYNCH | X64: ASYNCH_CAGE | Z64: MS | AB64: {=_xlfn._xlws.FILTER(Projets!I$2:I$823,(Projets!A$2:A$823=A64), "")}
A65: A17496 | B65: 42667 | C65: GHDIR EL GHOLA TR2 | D65: M20 | E65: COWATER INDUSTRY | F65: SONEDE | G65: JEMAC 355 AL 6-5.5-50 | I65: 2 | J65: 0.52 | K65: 5.5 | L65: 0.83 | M65: 50 | N65: 1000 | O65: 41 | P65: 65 | Q65: 6 | R65: 54 | S65: 0A1 | T65: 3011 | U65: 23 | V65: - | W65: ASYNCH | X65: ASYNCH_CAGE | Z65: MS | AB65: {=_xlfn._xlws.FILTER(Projets!I$2:I$823,(Projets!A$2:A$823=A65), "")}
A66: A17496 | B66: 42667 | C66: COWATER 2 | D66: M10 | E66: COWATER INDUSTRY | F66: SONEDE | G66: JEMAC 450 A M 6-5.5-50 | H66: A16959_M10 | I66: 2 | J66: 1 | K66: 5.5 | L66: 0.88 | M66: 50 | N66: 1000 | O66: 51 | P66: 78 | Q66: 6 | R66: 72 | S66: 0A1 | T66: 3011 | U66: 23 | V66: - | W66: ASYNCH | X66: ASYNCH_CAGE | Z66: MS | AB66: {=_xlfn._xlws.FILTER(Projets!I$2:I$823,(Projets!A$2:A$823=A66), "")}
A67: A17559 | B67: 42744 | C67: PUMPIRAN | D67: M10 | E67: KALAJOO FZC | F67: PUMP IRAN | G67: JEMAC 400 TS6 | H67: A17496_M10 | I67: 6 | J67: 1 | K67: 6 | L67: 1 | M67: 50 | N67: 1000 | O67: 430 | P67: 500 | Q67: 6 | R67: 58 | S67: 6A1A1 | T67: 3011 | U67: 55 | V67: - | W67: ASYNCH | X67: ASYNCH_CAGE | Z67: MS | AB67: {=_xlfn._xlws.FILTER(Projets!I$2:I$823,(Projets!A$2:A$823=A67), "")}
A68: A17575 | B68: 42747 | C68: AIN SOKHNA EGYPTE | D68: M10 | E68: TERMOMECCANICA | F68: NCIC | G68: JEMAC560TS10 | H68: X16861_M20 | I68: 6 | J68: 1.25 | K68: 3.3 | L68: 0.78 | M68: 50 | N68: 600 | O68: 74 | P68: 104 | Q68: 10 | R68: 90 | S68: 6A1A1 | T68: 3011 | U68: 55 | V68: - | W68: ASYNCH | X68: ASYNCH_CAGE | Z68: MS | AB68: {=_xlfn._xlws.FILTER(Projets!I$2:I$823,(Projets!A$2:A$823=A68), "")}
A69: A17627 | B69: 42814 | C69: HYOSUNG SHIRAZ | D69: M10 | E69: HYOSUNG | F69: ZOLAL SHIRAZ PUMPING | G69: JEMAB 630 TSH 4-6,3-50 | I69: 5 | J69: 2 | K69: 6 | L69: 0.9 | M69: 50 | N69: 1500 | O69: 75 | P69: 94 | Q69: 4 | R69: 72 | S69: 666 | T69: 1001 | U69: 55 | V69: - | W69: ASYNCH | X69: ASYNCH_BAGUES | Z69: MS | AB69: {=_xlfn._xlws.FILTER(Projets!I$2:I$823,(Projets!A$2:A$823=A69), "")}
A70: A17656 | B70: 42837 | C70: MERI_KARKER | D70: M10 | E70: MERI | F70: SONEDE | G70: JEMAC500TS4 690V 50Hz | H70: A17434_M10 | I70: 3 | J70: 1.65 | K70: 2 | L70: 0.88 | M70: 50 | N70: 1500 | O70: 59 | P70: 79 | Q70: 4 | R70: 72 | S70: 611 | T70: 1001 | U70: 55 | V70: - | W70: ASYNCH | X70: ASYNCH_CAGE | Z70: MS | AB70: {=_xlfn._xlws.FILTER(Projets!I$2:I$823,(Projets!A$2:A$823=A70), "")}
A71: A17689 | B71: 42885 | C71: SENELEC | D71: M10 | E71: CASSIS EQUIPEMENT | F71: SENELEC | G71: JEMAC355AS8 | I71: 3 | J71: 0.2 | K71: 3.3 | L71: 0.78 | M71: 50 | N71: 750 | O71: 43 | P71: 47 | Q71: 8 | R71: 48 | S71: 0A1 | T71: 3011 | U71: 23 | V71: - | W71: ASYNCH | X71: ASYNCH_CAGE | Z71: MS | AB71: {=_xlfn._xlws.FILTER(Projets!I$2:I$823,(Projets!A$2:A$823=A71), "")}
A72: A17698 | B72: 42895 | C72: QATARGAS | D72: M10 | E72: QATARGAS | F72: QATARGAS | G72: TSCX 900 D 4 | I72: 1 | J72: 6 | K72: 6 | L72: 0.92 | M72: 50 | N72: 1500 | O72: 89 | P72: 125 | Q72: 4 | R72: 96 | S72: 611 | T72: 1001 | U72: 55 | V72: E | W72: ASYNCH | X72: ASYNCH_CAGE | Z72: MS | AA72: OIL_GAS | AB72: {=_xlfn._xlws.FILTER(Projets!I$2:I$823,(Projets!A$2:A$823=A72), "")}
A73: A17706 | B73: 42901 | C73: CIMAR | D73: M10 | E73: CIMENTS DU MAROC | F73: CIMENTS DU MAROC | G73: JEMAC 500TS8_0.69_50_H_R | I73: 1 | J73: 0.845 | K73: 2 | L73: 0.803 | M73: 50 | N73: 750 | O73: 63 | P73: 79 | Q73: 8 | R73: 96 | S73: 6A1A1 | T73: 1001 | U73: 55 | V73: - | W73: ASYNCH | X73: ASYNCH_CAGE | Z73: MS | AB73: {=_xlfn._xlws.FILTER(Projets!I$2:I$823,(Projets!A$2:A$823=A73), "")}
A74: A17708 | B74: 42895 | C74: AIN SOKHNA | D74: M10 | E74: TERMOMECCANICA | F74: EL-NASR | G74: JEMAC400TL2 | H74: GAMME JEMAC 355-450 | I74: 2 | J74: 0.7 | K74: 3 | L74: 0.9 | M74: 50 | N74: 3000 | O74: 40 | P74: 60 | Q74: 2 | R74: 54 | S74: 611 | T74: 1001 | U74: 55 | V74: - | W74: ASYNCH | X74: ASYNCH_CAGE | Z74: MS | AB74: {=_xlfn._xlws.FILTER(Projets!I$2:I$823,(Projets!A$2:A$823=A74), "")}
A75: A17797 | B75: 42976 | C75: PDO OMAN | D75: M10 | E75: AMRAN ESTABLISHEMENT LLC | F75: PDO LLC | G75: JEMAC630TL2 | H75: A16380_M10 | I75: 2 | J75: 2.65 | K75: 11 | L75: 0.92 | M75: 50 | N75: 3000 | O75: 57 | P75: 104 | Q75: 2 | R75: 60 | S75: 1A1A1 | T75: 1001 | U75: 55 | V75: N | W75: ASYNCH | X75: ASYNCH_CAGE | Z75: MS | AA75: OIL_GAS | AB75: {=_xlfn._xlws.FILTER(Projets!I$2:I$823,(Projets!A$2:A$823=A75), "")}
A76: A17872 | B76: 43047 | C76: ASTEMARA | D76: M10 | E76: ASMENT TEMARA | F76: ASMENT TEMARA | G76: JEMAB710TS8 | I76: 1 | J76: 1.8 | K76: 5.5 | L76: 0.84 | M76: 50 | N76: 750 | O76: 83 | P76: 104 | Q76: 8 | R76: 96 | S76: 611 | T76: 1002 | U76: 55 | V76: - | W76: ASYNCH | X76: ASYNCH_BAGUES | Z76: MS | AB76: {=_xlfn._xlws.FILTER(Projets!I$2:I$823,(Projets!A$2:A$823=A76), "")}
A77: A17901 | B77: 43063 | C77: OCP MAROC | D77: M10 | E77: OCP | F77: OCP | G77: TNCY180-109-12 | I77: 3 | J77: 4.6 | K77: 10 | L77: 0.85 | M77: 50 | N77: 500 | O77: 142 | P77: 109 | Q77: 12 | R77: 144 | S77: 6A1A1 | T77: 3011 | U77: 55 | V77: - | W77: ASYNCH | X77: ASYNCH_CAGE | Z77: MS | AB77: {=_xlfn._xlws.FILTER(Projets!I$2:I$823,(Projets!A$2:A$823=A77), "")}
A78: A17935 | B78: 43108 | C78: PETCO-ABADAN | D78: M40 | E78: IDCC | F78: PETCO | G78: JEMAC560TS4 | I78: 3 | J78: 2.1 | K78: 6 | L78: 0.88 | M78: 50 | N78: 1500 | O78: 66 | P78: 94 | Q78: 4 | R78: 72 | S78: 611 | T78: 1001 | U78: 55 | V78: E | W78: ASYNCH | X78: ASYNCH_CAGE | Z78: MS | AA78: OIL_GAS | AB78: {=_xlfn._xlws.FILTER(Projets!I$2:I$823,(Projets!A$2:A$823=A78), "")}
A79: A17935 | B79: 43108 | C79: PETCO-ABADAN | D79: M30 | E79: IDCC | F79: PETCO | G79: JEMAC500TS4 | I79: 3 | J79: 1.35 | K79: 6 | L79: 0.87 | M79: 50 | N79: 1500 | O79: 59 | P79: 74 | Q79: 4 | R79: 72 | S79: 611 | T79: 1001 | U79: 55 | V79: E | W79: ASYNCH | X79: ASYNCH_CAGE | Z79: MS | AA79: OIL_GAS | AB79: {=_xlfn._xlws.FILTER(Projets!I$2:I$823,(Projets!A$2:A$823=A79), "")}
A80: A17935 | B80: 43108 | C80: PETCO-ABADAN | D80: M20 | E80: IDCC | F80: PETCO | G80: JEMAC450TL2 | I80: 3 | J80: 1.45 | K80: 6 | L80: 0.91 | M80: 50 | N80: 3000 | O80: 45 | P80: 65 | Q80: 2 | R80: 54 | S80: 611 | T80: 1001 | U80: 55 | V80: E | W80: ASYNCH | X80: ASYNCH_CAGE | Z80: MS | AA80: OIL_GAS | AB80: {=_xlfn._xlws.FILTER(Projets!I$2:I$823,(Projets!A$2:A$823=A80), "")}
A81: A17935 | B81: 43108 | C81: PETCO-ABADAN | D81: M10 | E81: IDCC | F81: PETCO | G81: JEMAC450TL2 | I81: 3 | J81: 1.1 | K81: 6 | L81: 0.91 | M81: 50 | N81: 3000 | O81: 45 | P81: 65 | Q81: 2 | R81: 54 | S81: 611 | T81: 1001 | U81: 55 | V81: E | W81: ASYNCH | X81: ASYNCH_CAGE | Z81: MS | AA81: OIL_GAS | AB81: {=_xlfn._xlws.FILTER(Projets!I$2:I$823,(Projets!A$2:A$823=A81), "")}
A82: A17947 | B82: 43115 | C82: TIGF | D82: M10 | E82: TIGF | F82: TIGF | G82: JEMAC1120RS14 | I82: 1 | J82: 3.6 | K82: 5.5 | L82: 0.84 | M82: 50 | N82: 428 | O82: 174 | P82: 79 | Q82: 14 | R82: 168 | S82: 8A1W7 | T82: 1001 | U82: 55 | V82: P | W82: ASYNCH | X82: ASYNCH_CAGE | Z82: MS | AA82: OIL_GAS | AB82: {=_xlfn._xlws.FILTER(Projets!I$2:I$823,(Projets!A$2:A$823=A82), "")}
A83: A17999 | B83: 43160 | C83: TARA STEEL | D83: M10 | E83: MOBARAKEH STEEL | F83: MOBARAKEH STEEL | G83: JEMAB1120TS8 | I83: 2 | J83: 5.5 | K83: 6.6 | L83: 0.85 | M83: 50 | N83: 750 | O83: 124 | P83: 79 | Q83: 8 | R83: 84 | S83: 611 | T83: 1001 | U83: 55 | V83: - | W83: ASYNCH | X83: ASYNCH_BAGUES | Z83: MS | AB83: {=_xlfn._xlws.FILTER(Projets!I$2:I$823,(Projets!A$2:A$823=A83), "")}
A84: A18000 | B84: 43158 | C84: TARA STEEL | D84: M10 | E84: MOBARAKEH STEEL | F84: MOBARAKEH STEEL | G84: JEMAC560TL6 | I84: 1 | J84: 1.8 | K84: 6.6 | L84: 0.87 | M84: 50 | N84: 1000 | O84: 69 | P84: 119 | Q84: 6 | R84: 90 | S84: 611 | T84: 3011 | U84: 55 | V84: - | W84: ASYNCH | X84: ASYNCH_CAGE | Z84: MS | AB84: {=_xlfn._xlws.FILTER(Projets!I$2:I$823,(Projets!A$2:A$823=A84), "")}
A85: A18055 | B85: 43185 | C85: FARABARD SHIRAZ | D85: M10 | E85: PETCO | F85: PETCO | G85: JEMAC500TS8 | I85: 12 | J85: 0.85 | K85: 6 | L85: 0.73 | M85: 50 | N85: 750 | O85: 64 | P85: 84 | Q85: 8 | R85: 72 | S85: 611 | T85: 1001 | U85: 55 | V85: - | W85: ASYNCH | X85: ASYNCH_CAGE | Z85: MS | AB85: {=_xlfn._xlws.FILTER(Projets!I$2:I$823,(Projets!A$2:A$823=A85), "")}
A86: A18082 | B86: 43251 | C86: TARA STEEL | D86: M10 | E86: TARA STEEL | F86: TARA STEEL | G86: JEMAC500TS4 | H86: A17935_M30 | I86: 2 | J86: 1.12 | K86: 6.6 | L86: 0.88 | M86: 50 | N86: 1500 | O86: 59 | P86: 74 | Q86: 4 | R86: 72 | S86: 611 | T86: 1001 | U86: 55 | V86: - | W86: ASYNCH | X86: ASYNCH_CAGE | Z86: MS | AB86: {=_xlfn._xlws.FILTER(Projets!I$2:I$823,(Projets!A$2:A$823=A86), "")}
A87: A18101 | B87: 43222 | C87: CEMINDO | D87: M10 | E87: FCB | F87: FCB | G87: JEMAC560TM12 | I87: 1 | J87: 1.1 | K87: 6.6 | L87: 0.78 | M87: 50 | N87: 500 | O87: 76 | P87: 119 | Q87: 12 | R87: 108 | S87: 6A1A1 | T87: 1001 | U87: 55 | V87: - | W87: ASYNCH | X87: ASYNCH_CAGE | Z87: MS | AB87: {=_xlfn._xlws.FILTER(Projets!I$2:I$823,(Projets!A$2:A$823=A87), "")}
A88: A18101 | B88: 43237 | C88: CEMINDO | D88: M10 | E88: FIVES FCB | F88: FIVES FCB | G88: JEMAC560TM12 | I88: 1 | J88: 1.1 | K88: 6.6 | L88: 0.78 | M88: 50 | N88: 500 | O88: 76 | P88: 119 | Q88: 12 | R88: 108 | S88: 611 | T88: 1001 | U88: 55 | V88: - | W88: ASYNCH | X88: ASYNCH_CAGE | Z88: MS | AB88: {=_xlfn._xlws.FILTER(Projets!I$2:I$823,(Projets!A$2:A$823=A88), "")}
A89: A18111 | B89: 43255 | C89: YANBU | D89: M10 | E89: SWCC | F89: SWCC | G89: TNCY900B14 | I89: 1 | J89: 2.1 | K89: 4 | L89: 0.8 | M89: 60 | N89: 514 | O89: 100 | P89: 90 | Q89: 14 | R89: 126 | S89: 151 | T89: 3011 | U89: 54 | V89: - | W89: ASYNCH | X89: ASYNCH_CAGE | Z89: MS | AB89: {=_xlfn._xlws.FILTER(Projets!I$2:I$823,(Projets!A$2:A$823=A89), "")}
A90: A18143 | B90: 43255 | C90: JORF LASFAR | D90: M10 | E90: OCP | F90: OCP | G90: JEMAC500TM2 | I90: 1 | J90: 1.315 | K90: 10 | L90: 0.92 | M90: 50 | N90: 3000 | O90: 47 | P90: 79 | Q90: 2 | R90: 54 | S90: 611 | T90: 1001 | U90: 55 | V90: - | W90: ASYNCH | X90: ASYNCH_CAGE | Z90: MS | AB90: {=_xlfn._xlws.FILTER(Projets!I$2:I$823,(Projets!A$2:A$823=A90), "")}
A91: A18152 | B91: 43297 | C91: TENGUIZ TPCB | D91: M20 | E91: LFF | F91: TCO | G91: TPCB 710 Y 2 | H91: A16054 M10 | I91: 1 | J91: 2.7 | K91: 10 | L91: 0.9 | M91: 50 | N91: 3000 | O91: 55 | P91: 71 | Q91: 2 | R91: 60 | S91: 611 | T91: 1001 | U91: 54 | V91: P | W91: ASYNCH | X91: ASYNCH_CAGE | Z91: MS | AA91: OIL_GAS | AB91: {=_xlfn._xlws.FILTER(Projets!I$2:I$823,(Projets!A$2:A$823=A91), "")}
A92: A18152 | B92: 43297 | C92: TENGUIZ TPCB | D92: M10 | E92: LFF | F92: TCO | G92: TPCB 800 B 4 | H92: A16136 | I92: 1 | J92: 4 | K92: 10 | L92: 0.91 | M92: 50 | N92: 1500 | O92: 77 | P92: 101 | Q92: 4 | R92: 72 | S92: 611 | T92: 1001 | U92: 54 | V92: P | W92: ASYNCH | X92: ASYNCH_CAGE | Z92: MS | AA92: OIL_GAS | AB92: {=_xlfn._xlws.FILTER(Projets!I$2:I$823,(Projets!A$2:A$823=A92), "")}
A93: A18154 | B93: 43269 | C93: HENGHAM | D93: M60 | E93: AEROMECCANICA | F93: PIDEMCO | G93: JEMAC355TS2 | I93: 1 | J93: 0.315 | K93: 6 | L93: 0.92 | M93: 50 | N93: 3000 | O93: 36 | P93: 35 | Q93: 2 | R93: 42 | S93: 611 | T93: 1001 | U93: 55 | V93: P | W93: ASYNCH | X93: ASYNCH_CAGE | Z93: MS | AA93: OIL_GAS | AB93: {=_xlfn._xlws.FILTER(Projets!I$2:I$823,(Projets!A$2:A$823=A93), "")}
A94: A18154 | B94: 43269 | C94: HENGHAM | D94: M50 | E94: AEROMECCANICA | F94: PIDEMCO | G94: JEMAC450TS6 | I94: 1 | J94: 0.85 | K94: 6 | L94: 0.84 | M94: 50 | N94: 1000 | O94: 57 | P94: 68 | Q94: 6 | R94: 72 | S94: 611 | T94: 1001 | U94: 55 | V94: - | W94: ASYNCH | X94: ASYNCH_CAGE | Z94: MS | AB94: {=_xlfn._xlws.FILTER(Projets!I$2:I$823,(Projets!A$2:A$823=A94), "")}
A95: A18154 | B95: 43269 | C95: HENGHAM | D95: M40 | E95: AEROMECCANICA | F95: PIDEMCO | G95: JEMAC500TM6 | I95: 1 | J95: 1.6 | K95: 6 | L95: 0.87 | M95: 50 | N95: 1000 | O95: 62 | P95: 104 | Q95: 6 | R95: 72 | S95: 611 | T95: 1001 | U95: 55 | V95: - | W95: ASYNCH | X95: ASYNCH_CAGE | Z95: MS | AB95: {=_xlfn._xlws.FILTER(Projets!I$2:I$823,(Projets!A$2:A$823=A95), "")}
A96: A18154 | B96: 43269 | C96: HENGHAM | D96: M30 | E96: AEROMECCANICA | F96: PIDEMCO | G96: JEMAC560TL2 | I96: 1 | J96: 2.25 | K96: 6 | L96: 0.92 | M96: 50 | N96: 3000 | O96: 53 | P96: 94 | Q96: 2 | R96: 60 | S96: 611 | T96: 1001 | U96: 55 | V96: - | W96: ASYNCH | X96: ASYNCH_CAGE | Z96: MS | AB96: {=_xlfn._xlws.FILTER(Projets!I$2:I$823,(Projets!A$2:A$823=A96), "")}
A97: A18154 | B97: 43269 | C97: HENGHAM | D97: M20 | E97: AEROMECCANICA | F97: PIDEMCO | G97: JEMAC630TL6 | I97: 1 | J97: 2.8 | K97: 6 | L97: 0.86 | M97: 50 | N97: 1000 | O97: 79 | P97: 109 | Q97: 6 | R97: 90 | S97: 611 | T97: 1001 | U97: 55 | V97: - | W97: ASYNCH | X97: ASYNCH_CAGE | Z97: MS | AB97: {=_xlfn._xlws.FILTER(Projets!I$2:I$823,(Projets!A$2:A$823=A97), "")}
A98: A18154 | B98: 43269 | C98: HENGHAM | D98: M10 | E98: AEROMECCANICA | F98: PIDEMCO | G98: JEMAC710TL6 | I98: 1 | J98: 3.7 | K98: 11 | L98: 0.87 | M98: 50 | N98: 1000 | O98: 93 | P98: 119 | Q98: 6 | R98: 90 | S98: 611 | T98: 1001 | U98: 55 | V98: - | W98: ASYNCH | X98: ASYNCH_CAGE | Z98: MS | AB98: {=_xlfn._xlws.FILTER(Projets!I$2:I$823,(Projets!A$2:A$823=A98), "")}
A99: A18180 | B99: 43304 | C99: KSB RADES | D99: M20 | E99: KSB | F99: STEG RADES | G99: JEMAC560TL2 | I99: 2 | J99: 2.35 | K99: 6.6 | L99: 0.92 | M99: 50 | N99: 3000 | O99: 53 | P99: 84 | Q99: 2 | R99: 66 | S99: 611 | T99: 1001 | U99: 55 | V99: - | W99: ASYNCH | X99: ASYNCH_CAGE | Z99: MS | AB99: {=_xlfn._xlws.FILTER(Projets!I$2:I$823,(Projets!A$2:A$823=A99), "")}
A100: A18180 | B100: 43304 | C100: KSB RADES | D100: M10 | E100: KSB | F100: STEG RADES | G100: JEMAC355TS4 | I100: 2 | J100: 0.6 | K100: 6.6 | L100: 0.87 | M100: 50 | N100: 1500 | O100: 40 | P100: 66 | Q100: 4 | R100: 48 | S100: 611 | T100: 3011 | U100: 55 | V100: - | W100: ASYNCH | X100: ASYNCH_CAGE | Z100: MS | AB100: {=_xlfn._xlws.FILTER(Projets!I$2:I$823,(Projets!A$2:A$823=A100), "")}
...

Sheet Data
A1: Name | B1: Report Cost Code | C1: Project Id | D1: Total Quantity
A2: MATHIEU ANDRUSZCZAK | B2: 230ETELEC | C2: A15026 | D2: 45.8
A3: ALEX LIXON | B3: 230ETMECA | C3: A15026 | D3: 215.1
A4: CARLA WALLART | B4: 230ETMECA | C4: A15026 | D4: 79.85 | G4: Requête SQL:
A5: CHRISTOPHE MAREE | B5: 230ETMECA | C5: A15026 | D5: 71 | G5: SELECT
A6: MATHIEU ANDRUSZCZAK | B6: 240RD | C6: A15026 | D6: 131.55 | G6: T1.name,
A7: DANIEL LALOY | B7: 240RD | C7: A15026 | D7: 2 | G7: H2.report_cost_code,
A8: VINCENT DEWEZ | B8: 240RD | C8: A15026 | D8: 45.5 | G8: H2.Project_id,
A9: JULIEN FORNARA | B9: 240RD | C9: A15026 | D9: 16.7 | G9: SUM(H2.internal_quantity) AS total_quantity
A10: PHILIPPE LALOY | B10: 240RD | C10: A15026 | D10: 60.2
A11: MAAMAR GACI | B11: 240RD | C11: A15026 | D11: 3 | G11: FROM IFSAPP.Project_transaction H2
A12: CARLA WALLART | B12: 240RD | C12: A15026 | D12: 29.8
A13: RAPHAEL VERDIN | B13: 240RD | C13: A15026 | D13: 14.2 | G13: LEFT JOIN IFSAPP.PERSON_INFO_ALL T1
A14: MARC BERGAMASCO | B14: 240RD | C14: A15026 | D14: 221.3 | G14: ON T1.PERSON_ID = H2.emp_no
A15: CELDRIC BISCHOFF | B15: 230ETMECA | C15: A15045 | D15: 65.5
A16: JOHANN PRONIER | B16: 230ETELEC | C16: A15045 | D16: 49.2 | G16: WHERE
A17: CATHERINE SADI | B17: 230ETMECA | C17: A15045 | D17: 5 | G17: H2.report_cost_type_db = 1
A18: IOSSIF PETROPOULOS | B18: 230ETNQ | C18: A15045 | D18: 9.55 | G18: AND (
A19: DENIS BENICCHIO | B19: 230ETMECA | C19: A15045 | D19: 63.3 | G19: H2.Project_id LIKE 'A1%'
A20: DIDIER SENECAT | B20: 230ETMECA | C20: A15045 | D20: 63 | G20: OR H2.Project_id LIKE 'AN%'
A21: BERNARD JOUNIAUX | B21: 230ETELEC | C21: A15045 | D21: 7.7 | G21: OR H2.Project_id LIKE 'S1%'
A22: KEVIN SCHMITT | B22: 230ETELEC | C22: A15045 | D22: 142.75 | G22: OR H2.Project_id LIKE 'SN%'
A23: CHRISTOPHE SERPILLON | B23: 230ETMECA | C23: A15045 | D23: 245 | G23: OR H2.Project_id LIKE 'X1%'
A24: CARLA WALLART | B24: 230ETMECA | C24: A15045 | D24: 5.85 | G24: OR H2.Project_id LIKE 'XN%'
A25: IOSSIF PETROPOULOS | B25: 230ETMECA | C25: A15045 | D25: 69.1 | G25: OR H2.Project_id LIKE 'V1%'
A26: DOMINIQUE BLAIRON | B26: 230ETMECA | C26: A15045 | D26: 860.25 | G26: OR H2.Project_id LIKE 'VN%'
A27: ALAIN DUCROT | B27: 230ETELEC | C27: A15045 | D27: 15.4 | G27: )
... A31: STEPHANE NICOLAS | B31: 230ETMECA | C31: A15055 | D31: 37.75 | G31: )
A32: MATHIEU ANDRUSZCZAK | B32: 230ETELEC | C32: A15055 | D32: 12
A33: ABDOUSSAMAD AMALLAH | B33: 230ETMECA | C33: A15055 | D33: 89.55 | G33: GROUP BY
A34: ABDOUSSAMAD AMALLAH | B34: 230ETMECA | C34: A15168 | D34: 106.25 | G34: T1.name,
A35: ANDRE HUART | B35: 230ETREGU | C35: A15168 | D35: 29.8 | G35: H2.report_cost_code,
A36: FRANCK LAURENT | B36: 230ETREGU | C36: A15168 | D36: 2 | G36: H2.Project_id
A37: CARLA WALLART | B37: 230ETMECA | C37: A15168 | D37: 15.55
A38: JOHANN PRONIER | B38: 230ETELEC | C38: A15168 | D38: 334.8
A39: STEPHANE NICOLAS | B39: 230ETMECA | C39: A15168 | D39: 3.5
A40: ANDRE HUART | B40: 230ETNQ | C40: A15168 | D40: 4
A41: CYRIL DUBOIS | B41: 230ETMECA | C41: A15168 | D41: 55.7
A42: ANDRE HUART | B42: 230ETMECA | C42: A15168 | D42: 271.35
A43: CARLA WALLART | B43: 240RD | C43: A15173 | D43: 2
A44: ABDOUSSAMAD AMALLAH | B44: 230ETMECA | C44: A15173 | D44: 45.8
A45: STEPHANE NICOLAS | B45: 230ETMECA | C45: A15173 | D45: 40
A46: CELDRIC BISCHOFF | B46: 230ETMECA | C46: A15173 | D46: 139.15
A47: MATHIEU ANDRUSZCZAK | B47: 230ETELEC | C47: A15173 | D47: 4.5
A48: JOHANN PRONIER | B48: 230ETELEC | C48: A15243 | D48: 33.1
... A5842: MAUDE WIBAUT | B5842: 240RD | C5842: AN18240 | D5842: 46.2
